,d,a,b,c
0,"[[ 7.07210416e-02]
 [ 1.47780233e-01]
 [ 2.08040637e-01]
 [ 2.38944708e-01]
 [ 8.32157042e-02]
 [ 7.27994271e-02]
 [ 1.71862346e-01]
 [ 3.08041342e-01]
 [ 5.71194758e-02]
 [-6.06488010e-02]
 [-7.29066970e-01]
 [-1.21031314e+00]
 [ 6.38230593e-02]
 [-7.34837457e-02]
 [-4.61850398e-01]
 [-6.43958627e-01]
 [ 9.56214522e-02]
 [ 2.09743567e-02]
 [-2.65168196e-01]
 [ 7.66305780e-02]
 [ 1.19615333e-01]
 [ 1.27051424e-01]
 [ 1.25936770e-01]
 [ 1.24806503e-01]
 [ 2.34632696e-01]
 [ 3.82218887e-01]
 [ 1.48137617e-01]
 [ 1.56883673e-03]
 [-6.77509724e-01]
 [-1.14423302e+00]
 [ 1.84508472e-01]
 [ 3.57543016e-03]
 [-3.71932064e-01]
 [-5.00902885e-01]
 [ 2.34612726e-01]
 [ 1.14617515e-01]
 [-1.51797759e-01]
 [ 2.02190553e-02]
 [ 7.64254361e-03]
 [ 2.23600215e-01]
 [ 1.95885049e-01]
 [ 3.00001080e-01]
 [ 4.47721826e-01]
 [ 2.87653936e-01]
 [ 1.02257712e-01]
 [-5.04847976e-01]
 [-8.67662290e-01]
 [ 3.19005669e-01]
 [ 1.26266328e-01]
 [-1.55445891e-01]
 [-2.02415655e-01]
 [ 3.68930944e-01]
 [ 2.35999384e-01]
 [ 2.88723805e-02]
 [-2.40585922e-02]
 [ 3.04986690e-01]
 [ 2.79855978e-01]
 [ 3.68170071e-01]
 [ 5.12068761e-01]
 [ 4.12818409e-01]
 [ 2.47290212e-01]
 [-2.29726257e-01]
 [-4.69198512e-01]
 [ 4.56543691e-01]
 [ 2.95191868e-01]
 [ 1.25439808e-01]
 [ 1.10354073e-01]
 [ 5.02469015e-01]
 [ 3.89130687e-01]
 [ 2.25645751e-01]
 [ 2.86939366e-01]
 [ 3.71835395e-01]
 [ 4.47334892e-01]
 [ 5.82323074e-01]
 [ 4.89257564e-01]
 [ 4.18817428e-01]
 [ 7.83200175e-02]
 [-7.39806214e-02]
 [ 5.94271822e-01]
 [ 4.97119359e-01]
 [ 3.60048256e-01]
 [ 3.22136257e-01]
 [ 6.29036367e-01]
 [ 5.59264805e-01]
 [ 3.83076277e-01]
 [-3.84833166e-02]
 [ 1.29719144e-02]
 [ 8.13415845e-02]
 [ 4.69445690e-02]
 [-1.47711605e-01]
 [-7.02679320e-01]
 [-8.86004079e-01]
 [ 8.31190138e-02]
 [-1.26802510e-01]
 [-2.95919580e-01]
 [-2.79701004e-01]
 [ 1.38973063e-01]
 [-2.34370429e-02]
 [-1.52040122e-01]
 [ 3.40841208e-03]
 [ 1.80452039e-02]
 [-1.38563489e-02]
 [-3.66839191e-02]
 [-3.13163105e-02]
 [-7.50348987e-03]
 [ 2.26034010e-02]
 [-5.48446772e-02]
 [ 3.53809250e-02]
 [ 9.76804093e-02]
 [ 7.51614660e-02]
 [-4.66774978e-02]
 [-2.93354909e-02]
 [ 7.91513882e-03]
 [ 8.69988716e-03]
 [-2.46905211e-02]
 [ 3.06358971e-01]
 [ 4.11369752e-01]
 [ 3.28865972e-02]
 [-5.26440562e-02]
 [ 1.00189319e-01]
 [ 1.77592836e-01]
 [ 8.67602798e-02]
 [-5.94042844e-02]
 [-1.10179949e-02]
 [ 5.62168999e-02]
 [-1.86656439e-02]
 [ 4.56570218e-01]
 [ 6.76325260e-01]
 [ 7.32568251e-02]
 [-4.15647082e-02]
 [ 1.29956828e-01]
 [ 2.06510837e-01]
 [ 1.29633035e-01]
 [-4.70655929e-02]
 [ 1.23851300e-02]
 [-1.26151434e-01]
 [-6.69583174e-01]
 [-8.69593164e-01]
 [ 3.05597293e-02]
 [-1.66903710e-01]
 [-3.62100315e-01]
 [-3.22905105e-01]
 [ 7.70188863e-02]
 [-7.62852999e-02]
 [-2.16186840e-01]
 [ 4.92258509e-02]
 [ 3.54411799e-02]
 [-7.12804118e-02]
 [-5.69822902e-02]
 [ 8.15869966e-02]
 [ 1.03572018e-01]
 [-1.67643535e-02]
 [-9.75849951e-02]
 [-3.91071503e-02]
 [-1.06802526e-02]
 [-5.55664235e-01]
 [-2.18607273e-01]
 [-3.68152717e-01]
 [-2.99059157e-01]
 [-4.73655753e-01]
 [-3.79699843e-01]
 [-4.85522007e-01]
 [-8.24464026e-01]
 [-2.91147273e-01]
 [-6.43443470e-01]
 [-6.54633229e-01]
 [-7.82850817e-01]
 [-5.54794758e-01]
 [-7.66406881e-01]
 [-1.26849292e-01]
 [-3.33787006e-01]
 [-3.45430625e-01]
 [ 4.26527426e-02]
 [-8.73202919e-02]
 [-3.04920053e-01]
 [ 1.17819413e-01]
 [ 7.43148614e-02]
 [-4.26388364e-02]
 [-5.87334097e-02]
 [ 3.76142063e-02]
 [-3.59003907e-02]
 [-2.24116248e-01]
 [ 2.59311947e-04]
 [-1.26076516e-01]
 [-3.11766397e-01]
 [-4.37240229e-02]
 [-1.57118835e-01]
 [-3.76377040e-02]
 [-2.22138162e-01]
 [ 6.59869545e-02]]","[[-0.03082415]
 [-0.08857376]
 [-0.10730827]
 [-0.14990894]
 [-0.07240084]
 [-0.20470933]
 [-0.48850307]
 [-0.80414171]
 [ 0.06919086]
 [-0.0452958 ]
 [ 0.1954729 ]
 [ 0.35635642]
 [ 0.15879644]
 [ 0.17200295]
 [ 0.76540661]
 [ 1.20157581]
 [ 0.16315166]
 [ 0.20064616]
 [ 0.65378493]
 [-0.06409024]
 [-0.10384849]
 [-0.14621629]
 [-0.00470834]
 [-0.20462375]
 [-0.541033  ]
 [-0.89777725]
 [ 0.10509552]
 [-0.04423932]
 [ 0.15808162]
 [ 0.28030122]
 [ 0.1379715 ]
 [ 0.13678916]
 [ 0.67626658]
 [ 1.04910059]
 [ 0.06002935]
 [ 0.16275357]
 [ 0.57135318]
 [-0.06015505]
 [-0.10412002]
 [ 0.10591987]
 [-0.1665561 ]
 [-0.54725908]
 [-0.93565922]
 [ 0.13400068]
 [-0.01651089]
 [ 0.10418938]
 [ 0.14381777]
 [ 0.06897553]
 [ 0.09657611]
 [ 0.50824623]
 [ 0.75751474]
 [-0.06247414]
 [ 0.10977701]
 [ 0.41570088]
 [-0.02130765]
 [ 0.15787799]
 [-0.12222582]
 [-0.53950772]
 [-0.96053431]
 [ 0.134532  ]
 [ 0.0314289 ]
 [ 0.04107413]
 [-0.01619008]
 [ 0.04816129]
 [ 0.09867781]
 [ 0.36657268]
 [ 0.47860718]
 [-0.08530863]
 [ 0.12085213]
 [ 0.31086182]
 [-0.05766006]
 [-0.24073089]
 [-0.65160906]
 [-1.07440109]
 [-0.04912745]
 [-0.07881359]
 [-0.15458979]
 [-0.26610596]
 [-0.09295508]
 [-0.03504065]
 [ 0.0710781 ]
 [ 0.06155498]
 [-0.21442523]
 [-0.00265536]
 [ 0.0533353 ]
 [-0.1442664 ]
 [-0.35350755]
 [-0.53730529]
 [-0.09144292]
 [-0.09450899]
 [ 0.08495725]
 [ 0.1042669 ]
 [-0.21199213]
 [-0.08884657]
 [ 0.2304445 ]
 [ 0.38729877]
 [-0.34271576]
 [-0.14725924]
 [ 0.02146147]
 [-0.09969058]
 [-0.16268515]
 [-0.18225691]
 [ 0.02411667]
 [-0.11110567]
 [-0.2113968 ]
 [-0.24582614]
 [-0.10211434]
 [-0.18980785]
 [-0.22858031]
 [-0.33262909]
 [-0.11589465]
 [-0.18778822]
 [-0.04770291]
 [-0.31608293]
 [ 0.09759123]
 [-0.01304018]
 [-0.1805306 ]
 [-0.33828252]
 [-0.04158286]
 [-0.23307322]
 [-0.35670361]
 [-0.4109275 ]
 [-0.08972742]
 [-0.19358885]
 [-0.44941151]
 [ 0.09222371]
 [ 0.07478926]
 [-0.03600629]
 [-0.45090428]
 [-0.02692602]
 [-0.23185739]
 [-0.37509079]
 [-0.52238606]
 [-0.10994266]
 [-0.20975827]
 [-0.12535432]
 [ 0.0757555 ]
 [ 0.12209198]
 [-0.11140441]
 [-0.02614788]
 [ 0.35962557]
 [ 0.50857622]
 [-0.22616259]
 [-0.07033295]
 [ 0.09138125]
 [-0.08487618]
 [-0.11647566]
 [-0.18517398]
 [-0.14883429]
 [-0.33993954]
 [-0.32641905]
 [-0.25428137]
 [-0.12059191]
 [-0.31124324]
 [-0.02899475]
 [ 0.01627775]
 [-0.05349963]
 [-0.30708841]
 [-0.51768947]
 [-0.04016092]
 [ 0.04509602]
 [-0.11455467]
 [ 0.11711837]
 [-0.0166082 ]
 [-0.19874322]
 [-0.47751084]
 [ 0.09761746]
 [ 0.14377375]
 [ 0.02560287]
 [-0.00662655]
 [ 0.45787204]
 [ 0.70031517]
 [-0.10839672]
 [ 0.01995037]
 [ 0.25399829]
 [-0.00338605]
 [ 0.06465988]
 [-0.04431174]
 [ 0.04690609]
 [-0.20457438]
 [ 0.0617175 ]
 [ 0.43681809]
 [ 0.36429623]
 [ 0.23346184]
 [ 0.78733726]
 [ 0.55448997]
 [ 0.5277862 ]
 [ 0.00190176]
 [ 0.32399996]
 [ 0.02989367]]","[[-1.05959082e-01]
 [-1.36803129e-01]
 [-3.05008637e-01]
 [-3.78506814e-01]
 [ 1.38829269e-01]
 [ 8.19724090e-02]
 [ 9.23931349e-02]
 [ 1.52528675e-01]
 [ 2.09785552e-01]
 [ 1.48704773e-01]
 [ 3.24616327e-01]
 [ 4.92211844e-01]
 [ 2.04889306e-01]
 [-1.37534444e-02]
 [-2.11861112e-01]
 [-3.18414931e-01]
 [ 1.06163606e-01]
 [-1.78654702e-01]
 [-3.57813772e-01]
 [ 4.08055768e-03]
 [-5.83724311e-02]
 [-4.53493575e-02]
 [ 2.52834029e-01]
 [ 1.61164193e-01]
 [ 1.63975648e-01]
 [ 2.19292668e-01]
 [ 3.31514385e-01]
 [ 2.60858984e-01]
 [ 4.29294311e-01]
 [ 5.87896055e-01]
 [ 2.81433719e-01]
 [ 2.81839985e-02]
 [-2.22100955e-01]
 [-3.59143374e-01]
 [ 9.99533946e-02]
 [-2.02758979e-01]
 [-4.29149059e-01]
 [ 5.34743219e-02]
 [ 1.40606292e-01]
 [ 1.44851182e-01]
 [ 4.90525037e-02]
 [ 5.43426683e-02]
 [ 1.09374153e-01]
 [ 1.74114857e-01]
 [ 1.53582193e-01]
 [ 2.95481458e-01]
 [ 4.20789891e-01]
 [ 3.49186911e-02]
 [-1.63482832e-01]
 [-4.63157533e-01]
 [-5.91528386e-01]
 [-1.46182805e-01]
 [-4.26760218e-01]
 [-6.47451241e-01]
 [ 8.82425000e-02]
 [-1.00468277e-01]
 [ 2.95277691e-02]
 [ 5.29378739e-02]
 [ 1.12833380e-01]
 [-3.78149602e-01]
 [-5.39734339e-02]
 [ 9.52430239e-02]
 [ 2.06439040e-01]
 [-5.51067735e-01]
 [-5.73776980e-01]
 [-9.30001707e-01]
 [-9.32360416e-01]
 [-6.55581149e-01]
 [-9.00154991e-01]
 [-1.02689423e+00]
 [-8.77507792e-02]
 [ 2.35010564e-01]
 [ 2.38648802e-01]
 [ 2.78326987e-01]
 [-6.32161859e-01]
 [-1.60815099e-01]
 [ 4.74286235e-03]
 [ 1.06786860e-01]
 [-9.85995197e-01]
 [-9.56260877e-01]
 [-1.07521845e+00]
 [-8.15826921e-01]
 [-9.93180696e-01]
 [-1.27210196e+00]
 [-1.07584244e+00]
 [-1.25657066e-01]
 [-1.52035509e-01]
 [-1.28434123e-01]
 [ 5.60191812e-02]
 [ 6.35801119e-03]
 [ 8.85630804e-02]
 [ 1.33108104e-01]
 [ 3.14588070e-02]
 [-2.38880710e-01]
 [-4.35718347e-01]
 [-3.35007404e-01]
 [-1.93304787e-02]
 [-3.34112409e-01]
 [-3.75504771e-01]
 [-4.08149521e-02]
 [-3.31198081e-02]
 [-6.75075538e-02]
 [ 2.43869107e-01]
 [ 1.19812904e-01]
 [ 8.70317892e-02]
 [ 1.15896622e-02]
 [ 1.68143053e-02]
 [-5.12093544e-02]
 [ 2.99117649e-02]
 [ 3.76081492e-02]
 [-5.46852673e-02]
 [-3.51587817e-02]
 [ 5.36626803e-03]
 [-1.15364903e-01]
 [ 1.41718376e-01]
 [ 1.12992879e-01]
 [ 2.85274821e-02]
 [-1.87688450e-02]
 [ 7.02627695e-02]
 [ 4.31504959e-02]
 [ 1.09192022e-01]
 [ 4.39978717e-02]
 [ 2.73517831e-02]
 [ 5.74389795e-02]
 [-1.03677383e-01]
 [ 6.56910253e-02]
 [ 4.65039018e-02]
 [-2.09609376e-02]
 [-4.52938247e-05]
 [ 1.14055465e-01]
 [ 1.13101865e-01]
 [ 1.72440124e-01]
 [ 8.51663145e-02]
 [ 1.04968364e-01]
 [ 1.41142564e-01]
 [-8.91223414e-02]
 [ 1.28497049e-02]
 [ 7.23981080e-02]
 [-6.06097350e-03]
 [-3.40133932e-01]
 [-5.04209279e-01]
 [-2.55361413e-01]
 [-3.23320147e-02]
 [-3.97057306e-01]
 [-3.27773511e-01]
 [-7.54314167e-02]
 [-7.08762497e-02]
 [-5.90908312e-02]
 [-6.24697506e-02]
 [ 6.96669951e-02]
 [ 1.89878762e-01]
 [-1.99114653e-02]
 [-5.43309647e-02]
 [ 9.59518718e-02]
 [ 2.09917834e-03]
 [ 4.29300858e-02]
 [ 8.28824843e-02]
 [ 3.57158917e-01]
 [ 4.76062161e-01]
 [ 1.00881565e-01]
 [ 1.13827304e-01]
 [ 3.22887613e-01]
 [ 1.28647267e-01]
 [ 1.52265029e-01]
 [ 5.02137314e-01]
 [ 6.62561915e-01]
 [ 2.10683181e-01]
 [ 2.25413640e-01]
 [ 4.70013971e-01]
 [-2.52695244e-01]
 [-3.79041354e-01]
 [-1.28735976e-01]
 [-1.89962379e-02]
 [-4.56678104e-01]
 [-2.52916738e-01]
 [ 1.28746681e-01]
 [ 1.88660172e-01]
 [-1.01906706e-01]
 [-7.98582134e-04]
 [ 1.74521452e-01]
 [ 4.93655367e-02]
 [-1.80332561e-01]
 [-7.90506840e-02]
 [-3.65627754e-02]
 [-7.04054427e-02]
 [-4.48201955e-03]
 [-1.68221631e-01]
 [-2.27787174e-01]
 [-1.33140582e-01]
 [ 1.37678654e-01]]","[[-0.00410012]
 [-0.0902634 ]
 [ 0.01293624]
 [ 0.0732053 ]
 [-0.45563724]
 [-0.28412031]
 [-0.12834912]
 [-0.04059187]
 [-0.67408177]
 [-0.36715793]
 [ 0.03996795]
 [ 0.27905143]
 [-0.76207905]
 [-0.35278383]
 [-0.23325494]
 [-0.36645996]
 [-0.65399468]
 [-0.26002464]
 [-0.1536817 ]
 [-0.12590397]
 [-0.1181808 ]
 [-0.14646771]
 [-0.6916263 ]
 [-0.39876718]
 [-0.1807344 ]
 [-0.05069691]
 [-0.95880681]
 [-0.55207042]
 [-0.07027446]
 [ 0.2062141 ]
 [-0.97239233]
 [-0.43478733]
 [-0.19819123]
 [-0.29159379]
 [-0.70642628]
 [-0.29571234]
 [-0.10029202]
 [-0.09629521]
 [-0.19897388]
 [-0.76176462]
 [-0.32352117]
 [-0.04171967]
 [ 0.12984587]
 [-0.93529836]
 [-0.52651955]
 [-0.01679291]
 [ 0.24968562]
 [-0.73516197]
 [-0.26883121]
 [ 0.04708402]
 [-0.03201741]
 [-0.43116397]
 [-0.09766478]
 [ 0.12437385]
 [-0.11774294]
 [-0.60633224]
 [-0.43316576]
 [-0.09946237]
 [ 0.1163255 ]
 [-0.37652785]
 [-0.48344849]
 [-0.03807305]
 [ 0.18733902]
 [-0.12745929]
 [ 0.05327857]
 [ 0.45599289]
 [ 0.31942785]
 [ 0.07324382]
 [ 0.30486609]
 [ 0.47149436]
 [-0.3596305 ]
 [-0.67931761]
 [-0.29822628]
 [-0.03381048]
 [ 0.06524428]
 [-0.43903986]
 [-0.10640064]
 [ 0.0754525 ]
 [ 0.43088061]
 [ 0.449262  ]
 [ 0.66536522]
 [ 0.35481496]
 [ 0.49278884]
 [ 0.71282575]
 [ 0.61057353]
 [ 0.31142327]
 [ 0.48324771]
 [ 0.54228975]
 [-0.07500985]
 [ 0.22396664]
 [ 0.64158133]
 [ 0.76013034]
 [ 0.00795125]
 [ 0.50068405]
 [ 0.58220429]
 [ 0.18676138]
 [ 0.10601567]
 [ 0.5165089 ]
 [ 0.52484491]
 [ 0.11698884]
 [ 0.11686656]
 [ 0.22045743]
 [-0.37149645]
 [-0.10129178]
 [-0.0163846 ]
 [ 0.09672847]
 [ 0.05077409]
 [ 0.07337022]
 [-0.10983219]
 [ 0.0422006 ]
 [ 0.0885728 ]
 [ 0.10162641]
 [-0.00733045]
 [ 0.36882742]
 [-0.380783  ]
 [-0.70545765]
 [-0.5758281 ]
 [ 0.19042636]
 [-0.14107203]
 [-0.13666913]
 [-0.21177681]
 [ 0.07003985]
 [-0.07888355]
 [-0.0883386 ]
 [ 0.41101472]
 [-0.32184577]
 [-0.96561431]
 [-1.07758582]
 [ 0.20987005]
 [-0.27283973]
 [-0.31689787]
 [-0.35653965]
 [ 0.05709249]
 [-0.21216116]
 [-0.25433832]
 [ 0.36145793]
 [ 0.70775647]
 [ 0.80044954]
 [ 0.05260064]
 [ 0.65263924]
 [ 0.63103344]
 [ 0.00698122]
 [ 0.1084246 ]
 [ 0.62265414]
 [ 0.49623024]
 [ 0.05263759]
 [ 0.04864073]
 [ 0.28377247]
 [ 0.26996099]
 [ 0.07366197]
 [-0.17407262]
 [ 0.18977278]
 [ 0.21042771]
 [ 0.13763906]
 [-0.00924662]
 [ 0.54814012]
 [ 0.14559594]
 [ 0.29701129]
 [ 0.27590957]
 [ 0.37933705]
 [ 0.14686933]
 [ 0.21079616]
 [ 0.64726227]
 [ 0.06320224]
 [ 0.33245722]
 [ 0.46905644]
 [ 0.46529493]
 [ 0.08529187]
 [ 0.20952321]
 [ 0.45274028]
 [ 0.32193543]
 [-0.34264878]
 [ 0.04269446]
 [ 0.65157881]
 [ 0.35188989]
 [-0.42144082]
 [-0.56695361]
 [ 0.13935118]
 [-0.04683521]
 [-0.13297955]
 [-0.13734951]
 [-0.09655178]
 [-0.43351341]
 [-0.12697086]
 [-0.57155645]
 [-0.74081881]
 [-0.27980005]
 [ 0.29765375]
 [ 0.01045849]
 [-0.37517403]]"
1,0.2130116475179074,-0.2798094645310871,0.011754536585358093,-0.476373467857599
2,"[-0.15253673440479054, -0.14632678340894245, -0.13899419823572612, -0.13075970985194194, -0.12198706972985159, -0.11302578118053688, -0.10416020594525097, -0.09559866854529321, -0.08747952402443085, -0.07988380229157524, -0.07284910313185214, -0.06638214989032279, -0.06046901183671076, -0.05508288028577803, -0.050189690796912066, -0.04575201826240709, -0.04173166722304218, -0.03809131735101166, -0.03479550704662775, -0.03181116652304351, -0.029107852800082944, -0.026657793631959185, -0.02443581389618673, -0.022419193967945464, -0.02058749277198716, -0.018922356600618633, -0.017407326904032794, -0.016027654979283285, -0.01477012799938994, -0.01362290856372353, -0.012575388517176232, -0.011618056904448676, -0.010742381409678932, -0.009940702353527115, -0.009206138194168075, -0.008532501448294207, -0.007914223975355463, -0.007346290628083602, -0.006824180348860615, -0.006343813874561919, -0.005901507295893718, -0.005493930797272638, -0.0051180719779517206, -0.004771203223434395, -0.0044508526579557514, -0.004154778264072821, -0.003880944804544464, -0.0036275032251708366, -0.0033927722556225713, -0.003175221959048166, -0.0029734590109110016, -0.002786213513547219, -0.0026123271757836574, -0.0024507427070001165, -0.002300494292607887, -0.002160699033354151, -0.002030549244418308, -0.0019093055221789043, -0.0017962904970049785, -0.0016908831996443013, -0.0015925139769003601, -0.0015006598994476996, -0.00141484061095055, -0.0013346145732269089, -0.0012595756671303394, -0.0011893501131832445, -0.0011235936798582621, -0.0010619891508275334, -0.0010042440255373984, -0.0009500884301623156, -0.0008992732183890618, -0.0008515682436136973, -0.0008067607860319754, -0.0007646541197944177, -0.0007250662069055387, -0.0006878285058919111, -0.0006527848844659112, -0.0006197906264860827, -0.0005887115244760214, -0.0005594230498239832, -0.0005318095935559954, -0.0005057637712662888, -0.0004811857864086345, -0.0004579828467087612, -0.00043606862895811363, -0.00041536278789853793, -0.0003957905053122105, -0.0003772820757949801, -0.00035977252601947154, -0.00034320126458988197, -0.0003275117598572109, -0.0003126512433043371, -0.0002985704363278454, -0.0002852232984399728, -0.0002725667950917815, -0.0002605606834794267, -0.0002491673148409402, -0.00023835145188289274, -0.00022808010009576395, -0.00021832235182535508, -0.00020904924206579877, -0.00020023361502932884, -0.0001918500006288075, -0.00018387450008311066, -0.00017628467992225955, -0.00016905947373050239, -0.00016217909102104675, -0.00015562493268669221, -0.0001493795125169738, -0.00014342638431435106, -0.00013775007418043644, -0.0001323360175784215, -0.00012717050080966394, -0.00012224060657186361, -0.00011753416329290614, -0.0001130396979589259, -0.00010874639217758657, -0.00010464404123796864, -0.00010072301594737912, -9.697422704245875e-05, -9.338909198789046e-05, -8.995950399030222e-05, -8.667780306849069e-05, -8.353674903296137e-05, -8.052949623935193e-05, -7.76495699902649e-05, -7.489084446974326e-05, -7.22475221031523e-05, -6.971411424338568e-05, -6.728542309158452e-05, -6.4956524767377e-05, -6.272275344996069e-05, -6.057968651698446e-05, -5.852313061366383e-05, -5.6549108589338087e-05, -5.465384724330839e-05, -5.2833765825843144e-05, -5.108546524429637e-05, -4.940571792761697e-05, -4.779145830603745e-05, -4.6239773865597324e-05, -4.4747896740175175e-05, -4.331319580607913e-05, -4.1933169246893606e-05, -4.0605437558296916e-05, -3.932773696493215e-05, -3.809791322290415e-05, -3.691391578375203e-05, -3.577379229700324e-05, -3.467568343013811e-05, -3.361781798623224e-05, -3.2598508300716834e-05, -3.161614590011392e-05, -3.0669197406603814e-05, -2.9756200673384903e-05, -2.887576113680117e-05, -2.8026548372113393e-05, -2.7207292840573173e-05, -2.6416782816409933e-05, -2.5653861482890578e-05, -2.4917424187450548e-05, -2.4206415846504548e-05, -2.351982849102144e-05, -2.285669894472901e-05, -2.2216106627074712e-05, -2.1597171473834786e-05, -2.0999051968422316e-05, -2.0420943277649872e-05, -1.9862075485813025e-05, -1.9321711921639005e-05, -1.8799147572704552e-05, -1.8293707582410327e-05, -1.7804745824895154e-05, -1.7331643553453038e-05, -1.6873808118418617e-05, -1.643067175060764e-05, -1.6001690406709774e-05, -1.5586342673202882e-05, -1.5184128725605061e-05, -1.479456934001348e-05, -1.441720495408688e-05, -1.4051594774827684e-05, -1.3697315930583159e-05, -1.33539626649576e-05, -1.302114557032464e-05, -1.2698490858891166e-05, -1.2385639669280666e-05, -1.208224740679113e-05, -1.1787983115516383e-05, -1.1502528880722577e-05, -1.1225579259838255e-05, -1.0956840740598898e-05, -1.0696031224979054e-05, -1.0442879537505647e-05, -1.0197124956775862e-05, -9.958516768937341e-06, -9.726813842060415e-06, -9.501784220329293e-06, -9.28320473700783e-06, -9.070860645306395e-06, -8.86454526621721e-06, -8.66405965246161e-06, -8.469212267781158e-06, -8.279818680788992e-06, -8.095701272658429e-06, -7.916688958005358e-06, -7.742616918287696e-06, -7.57332634710936e-06, -7.408664206877198e-06, -7.248482996272056e-06, -7.092640527913546e-06, -6.940999715911289e-06, -6.793428372645519e-06, -6.649799014441037e-06, -6.509988675726844e-06, -6.373878731195614e-06, -6.241354725644653e-06, -6.112306211157357e-06, -5.986626591255888e-06, -5.864212971654065e-06, -5.744966017395754e-06, -5.6287898160251235e-06, -5.515591746540582e-06, -5.4052823538180665e-06, -5.297775228322166e-06, -5.192986890830749e-06, -5.0908366819201116e-06, -4.991246656050449e-06, -4.894141480014941e-06, -4.7994483355267485e-06, -4.70709682585544e-06, -4.617018886180835e-06, -4.5291486977015715e-06, -4.4434226050975674e-06, -4.3597790374077975e-06, -4.27815843206435e-06, -4.198503161930684e-06, -4.120757465316243e-06, -4.044867378703305e-06, -3.970780672184578e-06, -3.898446787436111e-06, -3.827816778111147e-06, -3.758843252594862e-06, -3.691480318963725e-06, -3.6256835321226705e-06, -3.561409842958489e-06, -3.498617549464852e-06, -3.4372662497563318e-06, -3.3773167968894335e-06, -3.3187312553783447e-06, -3.2614728593994886e-06, -3.205505972575141e-06, -3.1507960492610305e-06, -3.097309597309243e-06, -3.045014142224016e-06, -2.9938781926703164e-06, -2.9438712072274865e-06, -2.8949635624410932e-06, -2.8471265220129982e-06, -2.800332207131378e-06, -2.754553567916259e-06, -2.7097643558907283e-06, -2.6659390974713556e-06, -2.6230530684000964e-06, -2.581082269145192e-06, -2.540003401140151e-06, -2.4997938439480628e-06, -2.46043163316893e-06, -2.421895439173048e-06, -2.384164546627554e-06, -2.347218834693126e-06, -2.3110387579587637e-06, -2.2756053280324788e-06, -2.240900095794993e-06, -2.206905134262366e-06, -2.173603022076198e-06, -2.140976827519137e-06, -2.109010093129749e-06, -2.0776868208493353e-06, -2.0469914576520746e-06, -2.0169088816880136e-06, -1.987424388911572e-06, -1.958523680159614e-06, -1.9301928486371903e-06, -1.9024183679036766e-06, -1.8751870801850902e-06, -1.848486185140268e-06, -1.8223032289632081e-06, -1.7966260938865224e-06, -1.7714429880131667e-06, -1.7467424355005304e-06, -1.7225132670410427e-06, -1.6987446107211143e-06, -1.6754258831061934e-06, -1.6525467806830608e-06, -1.6300972715355593e-06, -1.6080675873318097e-06, -1.586448215528653e-06, -1.565229891892676e-06, -1.5444035931939377e-06, -1.5239605301882977e-06, -1.5038921407984185e-06, -1.4841900835176392e-06, -1.4648462310459387e-06, -1.445852664094141e-06, -1.4272016654194275e-06, -1.4088857140246508e-06, -1.3908974795577506e-06, -1.3732298168770772e-06, -1.3558757608023824e-06, -1.3388285210066253e-06, -1.3220814770881072e-06, -1.3056281737961922e-06, -1.289462316383395e-06, -1.2735777661373638e-06, -1.2579685360195758e-06, -1.2426287864470676e-06, -1.2275528212087434e-06, -1.2127350835098354e-06, -1.1981701521197471e-06, -1.1838527376724652e-06, -1.1697776790358323e-06, -1.1559399398052926e-06, -1.1423346049353308e-06, -1.1289568774248866e-06, -1.1158020751387889e-06, -1.1028656276911636e-06, -1.0901430734590872e-06, -1.0776300566538756e-06, -1.0653223244939797e-06, -1.0532157244631585e-06, -1.041306201649382e-06, -1.0295897961372652e-06, -1.0180626405237444e-06, -1.0067209574657482e-06, -9.955610573200263e-07, -9.845793358432784e-07, -9.737722719506933e-07, -9.631364255885162e-07, -9.526684355763245e-07, -9.423650176051835e-07, -9.322229622409252e-07, -9.222391329887182e-07, -9.124104644277036e-07, -9.027339603969326e-07, -8.932066922151756e-07, -8.838257969727937e-07, -8.745884758664717e-07, -8.65491992555944e-07, -8.565336716096559e-07, -8.477108969704167e-07, -8.390211104430434e-07, -8.304618102821522e-07, -8.220305497467634e-07, -8.137249357587169e-07, -8.055426275622044e-07, -7.97481335421834e-07, -7.895388193691062e-07, -7.817128879888614e-07, -7.740013972140627e-07, -7.664022491608836e-07, -7.589133910185361e-07, -7.515328139549775e-07, -7.442585520195169e-07, -7.370886811473419e-07, -7.300213181108727e-07, -7.230546195588257e-07, -7.161867810561714e-07, -7.094160361399726e-07, -7.027406554341779e-07, -6.961589457464349e-07, -6.896692492210845e-07, -6.832699424908251e-07, -6.769594358844479e-07, -6.707361726048218e-07, -6.645986279784888e-07, -6.585453086958297e-07, -6.525747520754309e-07, -6.466855253516619e-07, -6.408762249866781e-07, -6.35145475975433e-07, -6.294919312167524e-07, -6.23914270835447e-07, -6.184112015791498e-07, -6.129814561979452e-07, -6.076237928599706e-07, -6.023369945519247e-07, -5.971198685475207e-07, -5.919712458067757e-07, -5.868899804968722e-07, -5.818749494303099e-07, -5.769250515654527e-07, -5.720392075125196e-07, -5.672163590379116e-07, -5.624554686127258e-07, -5.577555189250804e-07, -5.531155124558336e-07, -5.485344710262153e-07, -5.440114353641136e-07, -5.395454647088864e-07, -5.351356363847555e-07, -5.307810454017357e-07, -5.264808041006416e-07, -5.222340417334806e-07, -5.180399041196744e-07, -5.138975532825222e-07, -5.098061670943226e-07, -5.057649389401498e-07, -5.017730773755242e-07, -4.978298058050679e-07, -4.939343621733735e-07, -4.900859986326701e-07, -4.862839812623383e-07, -4.825275897547859e-07, -4.788161171341885e-07, -4.751488694926592e-07, -4.7152516566824645e-07, -4.679443370239609e-07, -4.6440572716607513e-07, -4.60908691673748e-07, -4.5745259787339225e-07, -4.5403682458106834e-07, -4.5066076186586227e-07, -4.473238108073799e-07, -4.440253832876593e-07, -4.407649017494441e-07, -4.3754179899220444e-07, -4.3435551794673245e-07, -4.312055114839322e-07, -4.2809124218908335e-07, -4.250121821939477e-07, -4.2196781294115193e-07, -4.1895762505049116e-07, -4.159811180776508e-07, -4.1303780037329474e-07, -4.1012718888342196e-07, -4.072488089905804e-07, -4.0440219433232206e-07, -4.0158688664641517e-07, -3.988024356179431e-07, -3.96048398684772e-07, -3.933243409291712e-07, -3.9062983489516007e-07, -3.8796446045015425e-07, -3.853278046542719e-07, -3.827194615933363e-07, -3.801390322578428e-07, -3.775861244165963e-07, -3.7506035245437783e-07, -3.72561337275338e-07, -3.700887061504337e-07, -3.6764209262104444e-07, -3.652211363437459e-07, -3.628254830187949e-07, -3.604547842189173e-07, -3.5810869731823754e-07, -3.5578688537113777e-07, -3.53489016991895e-07, -3.5121476626218477e-07, -3.489638126194886e-07, -3.4673584075505114e-07, -3.445305405278231e-07, -3.423476068492075e-07, -3.4018673959444985e-07, -3.380476435165831e-07, -3.3593002814050007e-07, -3.3383360769410636e-07, -3.317581010050577e-07, -3.2970323140093935e-07, -3.2766872667739057e-07, -3.2565431894932335e-07, -3.236597446238219e-07, -3.2168474430043344e-07, -3.1972906267023817e-07, -3.1779244850418167e-07, -3.158746545051825e-07, -3.1397543729624287e-07, -3.1209455729043166e-07, -3.1023177869464943e-07, -3.083868693693977e-07, -3.065596008083415e-07, -3.0474974805969667e-07, -3.0295708965905207e-07, -3.0118140756241476e-07, -2.9942248709413155e-07, -2.97680116892813e-07, -2.9595408883538583e-07, -2.942441979905667e-07, -2.925502425481323e-07, -2.908720237850511e-07, -2.8920934600951905e-07, -2.8756201647269057e-07, -2.859298453662279e-07, -2.8431264573070117e-07, -2.8271023343271024e-07, -2.811224270952672e-07, -2.7954904806792444e-07, -2.779899203635962e-07, -2.7644487062535663e-07, -2.7491372807047826e-07, -2.733963244475706e-07, -2.7189249400326793e-07, -2.7040207342604586e-07, -2.689249018056919e-07, -2.674608206064325e-07, -2.6600967361097256e-07, -2.645713068822974e-07, -2.631455687414635e-07, -2.6173230969842585e-07, -2.6033138244315105e-07, -2.589426418023135e-07, -2.575659446963245e-07, -2.5620115009880456e-07, -2.548481190224781e-07, -2.535067144722068e-07, -2.5217680140601557e-07, -2.508582467107745e-07, -2.4955091917488256e-07, -2.482546894431883e-07, -2.4696942999689027e-07, -2.456950151135648e-07, -2.444313208653855e-07, -2.4317822503718454e-07, -2.419356071504297e-07, -2.407033483977168e-07, -2.394813316561998e-07, -2.3826944140343217e-07, -2.3706756374667258e-07, -2.3587558636170855e-07, -2.3469339848086175e-07, -2.3352089086611754e-07, -2.3235795578613953e-07, -2.3120448697929592e-07, -2.3006037965443333e-07, -2.2892553044368873e-07, -2.2779983739327163e-07, -2.2668319993237453e-07, -2.255755188618454e-07, -2.244766963173254e-07, -2.2338663576513782e-07, -2.2230524197330847e-07, -2.2123242098680465e-07, -2.201680801076595e-07, -2.1911212788431057e-07, -2.180644740896152e-07, -2.1702502968432104e-07, -2.15993706838935e-07, -2.1497041885989075e-07, -2.139550802177457e-07, -2.1294760650776564e-07, -2.1194791443571144e-07, -2.109559218025152e-07, -2.0997154749117778e-07, -2.089947114385662e-07, -2.0802533462797327e-07, -2.070633390756811e-07, -2.0610864780509116e-07, -2.051611848425031e-07, -2.0422087519302037e-07, -2.032876448293353e-07, -2.0236142067596155e-07, -2.0144213060090561e-07, -2.0052970338813098e-07, -1.99624068740998e-07, -1.9872515724795586e-07, -1.9783290039397634e-07, -1.9694723052713379e-07, -1.9606808084383747e-07, -1.9519538540315162e-07, -1.9432907906895098e-07, -1.9346909756054507e-07, -1.9261537737085342e-07, -1.9176785581003513e-07, -1.9092647095064245e-07, -1.900911616614808e-07, -1.8926186755209606e-07, -1.8843852899464447e-07, -1.8762108708880763e-07, -1.868094836634567e-07, -1.8600366127476318e-07, -1.852035631740013e-07, -1.8440913331276414e-07, -1.836203163326374e-07, -1.8283705754254938e-07, -1.8205930292920553e-07, -1.8128699912389164e-07, -1.805200934196808e-07, -1.797585337283552e-07, -1.7900226860827183e-07, -1.7825124722994395e-07, -1.7750541938259018e-07, -1.7676473544571173e-07, -1.7602914640296864e-07, -1.752986038177539e-07, -1.745730598330811e-07, nan, nan, nan, nan, nan, nan, nan, nan, nan, nan, nan, nan, nan, nan, nan, nan, nan, nan, nan, nan, nan, nan, nan, nan, nan, nan, nan, nan, nan, nan, nan, nan, nan, nan, nan, nan, nan, nan, nan, nan, nan, nan, nan, nan, nan, nan, nan, nan, nan, nan, nan, nan, nan, nan, nan, nan, nan, nan, nan, nan, nan, nan, nan, nan, nan, nan, nan, nan, nan, nan, nan, nan, nan, nan, nan, nan, nan, nan, nan, nan, nan, nan, nan, nan, nan, nan, nan, nan, nan, nan, nan, nan, nan, nan, nan, nan, nan, nan, nan, nan, nan, nan, nan, nan, nan, nan, nan, nan, nan, nan, nan, nan, nan, nan, nan, nan, nan, nan, nan, nan, nan, nan, nan, nan, nan, nan, nan, nan, nan, nan, nan, nan, nan, nan, nan, nan, nan, nan, nan, nan, nan, nan, nan, nan, nan, nan, nan, nan, nan, nan, nan, nan, nan, nan, nan, nan, nan, nan, nan, nan, nan, nan, nan, nan, nan, nan, nan, nan, nan, nan, nan, nan, nan, nan, nan, nan, nan, nan, nan, nan, nan, nan, nan, nan, nan, nan, nan, nan, nan, nan, nan, nan, nan, nan, nan, nan, nan, nan, nan, nan, nan, nan, nan, nan, nan, nan, nan, nan, nan, nan, nan, nan, nan, nan, nan, nan, nan, nan, nan, nan, nan, nan, nan, nan, nan, nan, nan, nan, nan, nan, nan, nan, nan, nan, nan, nan, nan, nan, nan, nan, nan, nan, nan, nan, nan, nan, nan, nan, nan, nan, nan, nan, nan, nan, nan, nan, nan, nan, nan, nan, nan, nan, nan, nan, nan, nan, nan, nan, nan, nan, nan, nan, nan, nan, nan, nan, nan, nan, nan, nan, nan, nan, nan, nan, nan, nan, nan, nan, nan, nan, nan, nan, nan, nan, nan, nan, nan, nan, nan, nan, nan, nan, nan, nan, nan, nan, nan, nan, nan, nan, nan, nan, nan, nan, nan, nan, nan, nan, nan, nan, nan, nan, nan, nan, nan, nan, nan, nan, nan, nan, nan, nan, nan, nan, nan, nan, nan, nan, nan, nan, nan, nan, nan, nan, nan, nan, nan, nan, nan, nan, nan, nan, nan, nan, nan, nan, nan, nan, nan, nan, nan, nan, nan, nan, nan, nan, nan, nan, nan, nan, nan, nan, nan, nan, nan, nan, nan, nan, nan, nan, nan, nan, nan, nan, nan, nan, nan, nan, nan, nan, nan, nan, nan, nan, nan, nan, nan, nan, nan, nan, nan, nan, nan, nan, nan]","[-0.4332448599909544, -0.4365432773389749, -0.4379526557557248, -0.4360417065055358, -0.43108512304739033, -0.4237504015160598, -0.4147342546463551, -0.4046476306425367, -0.3939829307263013, -0.38311450796467067, -0.3723132635376078, -0.3617659263228724, -0.35159415567424473, -0.3418712243053842, -0.3326355585798937, -0.3239012130055088, -0.3156657037557143, -0.30791572065514405, -0.3006312081940059, -0.2937882292450574, -0.28736093908478216, -0.281322919285373, -0.27564805680696336, -0.2703111035213201, -0.26528801360722254, -0.2605561283637668, -0.256094257700137, -0.25188269295608595, -0.2479031752722796, -0.2441388363153651, -0.24057412291848473, -0.23719471350360433, -0.23398743155971138, -0.23094015963978934, -0.22804175608065344, -0.2252819757805745, -0.2226513957747603, -0.22014134594652138, -0.21774384494454893, -0.21545154120336243, -0.21325765885583012, -0.21115594826341935, -0.20914064085720296, -0.2072064079705895, -0.20534832334623757, -0.2035618290097537, -0.20184270421817116, -0.20018703720952852, -0.19859119949953127, -0.19705182249123293, -0.19556577618322363, -0.19413014978053864, -0.1927422340301401, -0.19139950511925546, -0.19009960999002518, -0.18884035293783094, -0.18761968337337595, -0.1864356846401454, -0.18528656378935068, -0.1841706422239427, -0.18308634713184418, -0.18203220363628037, -0.18100682759805262, -0.1800089190108791, -0.17903725593657874, -0.17809068893196603, -0.17716813592390684, -0.17626857749311442, -0.17539105253098017, -0.17453465423708328, -0.17369852642804007, -0.17288186013107407, -0.1720838904381414, -0.1713038935986581, -0.17054118433087503, -0.1697951133337502, -0.16906506498279816, -0.16835045519487252, -0.16765072944816875, -0.1669653609449449, -0.166293848905549, -0.16563571698333573, -0.16499051179095203, -0.16435780152928764, -0.16373717471112845, -0.16312823897222264, -0.16253061996308096, -0.16194396031539146, -0.16136791867743336, -0.16080216881333761, -0.16024639876146296, -0.15970031004753793, -0.1591636169485724, -0.158636045803859, -0.15811733436968, -0.15760723121459816, -0.15710549515245986, -0.15661189471045714, -0.15612620762980353, -0.15564822039676524, -0.1551777278019607, -0.15471453252600106, -0.15425844474968659, -0.15380928178711048, -0.1533668677401408, -0.1529310331728655, -0.15250161480468868, -0.15207845522086183, -0.15166140259932046, -0.15125031045277923, -0.15084503738511096, -0.15044544686110714, -0.1500514069887763, -0.1496627903134005, -0.14927947362262034, -0.14890133776187106, -0.1485282674595381, -0.1481601511612434, -0.14779688087271348, -0.1474383520107173, -0.14708446326159547, -0.1467351164469343, -0.14639021639596841, -0.14604967082432097, -0.14571339021871713, -0.14538128772733017, -0.14505327905544024, -0.14472928236610738, -0.14440921818557778, -0.14409300931316166, -0.14378058073533612, -0.14347185954384192, -0.14316677485755752, -0.142865257747947, -0.14256724116789055, -0.14227265988371815, -0.14198145041027707, -0.14169355094887487, -0.14140890132794864, -0.141127442946319, -0.14084911871889716, -0.14057387302472057, -0.1403016516571983, -0.14003240177645723, -0.1397660718636824, -0.13950261167735512, -0.13924197221129372, -0.13898410565441077, -0.13872896535210247, -0.13847650576919285, -0.13822668245435762, -0.13797945200595862, -0.1377347720392216, -0.1374926011546954, -0.13725289890793232, -0.1370156257803344, -0.13678074315111138, -0.13654821327030028, -0.13631799923279908, -0.13609006495336823, -0.13586437514255778, -0.13564089528351883, -0.13541959160966074, -0.13520043108311677, -0.13498338137398394, -0.1347684108403032, -0.13455548850874874, -0.13434458405599606, -0.13413566779074032, -0.13392871063633818, -0.13372368411404656, -0.13352056032683413, -0.13331931194374202, -0.13311991218477146, -0.13292233480627647, -0.13272655408684245, -0.13253254481362997, -0.13234028226916658, nan, nan, nan, nan, nan, nan, nan, nan, nan, nan, nan, nan, nan, nan, nan, nan, nan, nan, nan, nan, nan, nan, nan, nan, nan, nan, nan, nan, nan, nan, nan, nan, nan, nan, nan, nan, nan, nan, nan, nan, nan, nan, nan, nan, nan, nan, nan, nan, nan, nan, nan, nan, nan, nan, nan, nan, nan, nan, nan, nan, nan, nan, nan, nan, nan, nan, nan, nan, nan, nan, nan, nan, nan, nan, nan, nan, nan, nan, nan, nan, nan, nan, nan, nan, nan, nan, nan, nan, nan, nan, nan, nan, nan, nan, nan, nan, nan, nan, nan, nan, nan, nan, nan, nan, nan, nan, nan, nan, nan, nan, nan, nan, nan, nan, nan, nan, nan, nan, nan, nan, nan, nan, nan, nan, nan, nan, nan, nan, nan, nan, nan, nan, nan, nan, nan, nan, nan, nan, nan, nan, nan, nan, nan, nan, nan, nan, nan, nan, nan, nan, nan, nan, nan, nan, nan, nan, nan, nan, nan, nan, nan, nan, nan, nan, nan, nan, nan, nan, nan, nan, nan, nan, nan, nan, nan, nan, nan, nan, nan, nan, nan, nan, nan, nan, nan, nan, nan, nan, nan, nan, nan, nan, nan, nan, nan, nan, nan, nan, nan, nan, nan, nan, nan, nan, nan, nan, nan, nan, nan, nan, nan, nan, nan, nan, nan, nan, nan, nan, nan, nan, nan, nan, nan, nan, nan, nan, nan, nan, nan, nan, nan, nan, nan, nan, nan, nan, nan, nan, nan, nan, nan, nan, nan, nan, nan, nan, nan, nan, nan, nan, nan, nan, nan, nan, nan, nan, nan, nan, nan, nan, nan, nan, nan, nan, nan, nan, nan, nan, nan, nan, nan, nan, nan, nan, nan, nan, nan, nan, nan, nan, nan, nan, nan, nan, nan, nan, nan, nan, nan, nan, nan, nan, nan, nan, nan, nan, nan, nan, nan, nan, nan, nan, nan, nan, nan, nan, nan, nan, nan, nan, nan, nan, nan, nan, nan, nan, nan, nan, nan, nan, nan, nan, nan, nan, nan, nan, nan, nan, nan, nan, nan, nan, nan, nan, nan, nan, nan, nan, nan, nan, nan, nan, nan, nan, nan, nan, nan, nan, nan, nan, nan, nan, nan, nan, nan, nan, nan, nan, nan, nan, nan, nan, nan, nan, nan, nan, nan, nan, nan, nan, nan, nan, nan, nan, nan, nan, nan, nan, nan, nan, nan, nan, nan, nan, nan, nan, nan, nan, nan, nan, nan, nan, nan, nan, nan, nan, nan, nan, nan, nan, nan, nan, nan, nan, nan, nan, nan, nan, nan, nan, nan, nan, nan, nan, nan, nan, nan, nan, nan, nan, nan, nan, nan, nan, nan, nan, nan, nan, nan, nan, nan, nan, nan, nan, nan, nan, nan, nan, nan, nan, nan, nan, nan, nan, nan, nan, nan, nan, nan, nan, nan, nan, nan, nan, nan, nan, nan, nan, nan, nan, nan, nan, nan, nan, nan, nan, nan, nan, nan, nan, nan, nan, nan, nan, nan, nan, nan, nan, nan, nan, nan, nan, nan, nan, nan, nan, nan, nan, nan, nan, nan, nan, nan, nan, nan, nan, nan, nan, nan, nan, nan, nan, nan, nan, nan, nan, nan, nan, nan, nan, nan, nan, nan, nan, nan, nan, nan, nan, nan, nan, nan, nan, nan, nan, nan, nan, nan, nan, nan, nan, nan, nan, nan, nan, nan, nan, nan, nan, nan, nan, nan, nan, nan, nan, nan, nan, nan, nan, nan, nan, nan, nan, nan, nan, nan, nan, nan, nan, nan, nan, nan, nan, nan, nan, nan, nan, nan, nan, nan, nan, nan, nan, nan, nan, nan, nan, nan, nan, nan, nan, nan, nan, nan, nan, nan, nan, nan, nan, nan, nan, nan, nan, nan, nan, nan, nan, nan, nan, nan, nan, nan, nan, nan, nan, nan, nan, nan, nan, nan, nan, nan, nan, nan, nan, nan, nan, nan, nan, nan, nan, nan, nan, nan, nan, nan, nan, nan, nan, nan, nan, nan, nan, nan, nan, nan, nan, nan, nan, nan, nan, nan, nan, nan, nan, nan, nan, nan, nan, nan, nan, nan, nan, nan, nan, nan, nan, nan, nan, nan, nan, nan, nan, nan, nan, nan, nan, nan, nan, nan, nan, nan, nan, nan, nan, nan, nan, nan, nan, nan, nan, nan, nan, nan, nan, nan, nan, nan, nan, nan, nan, nan, nan, nan, nan, nan, nan, nan, nan, nan, nan, nan, nan, nan, nan, nan, nan, nan, nan, nan, nan, nan, nan, nan, nan, nan, nan, nan, nan, nan, nan, nan, nan, nan, nan, nan, nan, nan, nan, nan, nan, nan, nan, nan, nan, nan, nan, nan, nan, nan, nan, nan, nan, nan, nan, nan, nan, nan, nan, nan, nan, nan, nan, nan, nan, nan, nan, nan, nan, nan, nan, nan, nan, nan, nan, nan, nan, nan, nan, nan, nan, nan, nan, nan, nan, nan, nan, nan, nan, nan, nan, nan, nan, nan, nan, nan, nan, nan, nan, nan, nan, nan, nan, nan, nan, nan, nan, nan, nan, nan, nan, nan, nan, nan, nan, nan, nan, nan, nan, nan, nan, nan, nan, nan, nan, nan, nan, nan, nan, nan, nan, nan, nan]","[-0.38814090531412626, -0.3836122304868496, -0.37690735693622457, -0.367937058481758, -0.3574460779200761, -0.34622714214874073, -0.3349426861758132, -0.3240915867978758, -0.3140190052881732, -0.30494084568301677, -0.2969717249516932, -0.2901512253837613, -0.2844661483532419, -0.27986817462825775, -0.27628722512498716, -0.27364119222824695, -0.27184279390685984, -0.27080424111687595, -0.27044029328149727, -0.27067015380843235, -0.2714185482824064, -0.27261623867691476, -0.2742001575067453, -0.27611329350723285, -0.2783044217665948, -0.2807277430816008, -0.28334247701533455, -0.2861124386376217, -0.2890056186518523, -0.2919937793876103, -0.29505207410883005, -0.29815869362756153, -0.30129454187163046, -0.3044429405043101, -0.30758936170098095, -0.31072118758335604, -0.31382749447584135, -0.31689885999521356, -0.31992719095315386, -0.322905570098343, -0.32582811982072124, -0.3286898810643125, -0.3314867058324416, -0.33421516181068034, -0.33687244777219816, -0.3394563185634422, -0.34196501859295003, -0.3443972228614175, -0.34675198467648477, -0.3490286892911253, -0.35122701279041924, -0.35334688562841154, -0.35538846028539545, -0.3573520825769948, -0.3592382662005914, -0.36104767015261463, -0.3627810786926444, -0.36443938356777345, -0.36602356824377524, -0.36753469391884097, -0.36897388712142015, -0.37034232871643646, -0.37164124416420613, -0.3728718948940863, -0.374035570670492, -0.3751335828427162, -0.37616725838215526, -0.37713793462131073, -0.37804695461844307, -0.3788956630801735, -0.3796854027817707, -0.3804175114314617, -0.38109331893094434, -0.3817141449894671, -0.3822812970534384, -0.3827960685176124, -0.3832597371875285, -0.3836735639661063, -0.3840387917401724, -0.38435664444524936, -0.38462832628921495, -0.38485502111747516, -0.38503789190409954, -0.3851780803549922, -0.3852767066106126, -0.3853348690370526, -0.3853536440954351, -0.38533408628062804, -0.38527722812119986, -0.3851840802333676, -0.38505563142243304, -0.3848928488258756, -0.3846966780928585, -0.38446804359545383, -0.3842078486673666, -0.38391697586637663, -0.3835962872571056, -0.3832466247110674, -0.38286881022127717, -0.382463646228976, -0.3820319159602873, -0.38157438377084985, -0.3810917954966791, -0.38058487880969755, -0.38005434357654383, -0.37950088221941847, -0.37892517007786675, -0.3783278657705194, -0.37770961155592353, -0.3770710336916977, -0.3764127427913374, -0.37573533417807253, -0.37503938823526267, -0.37432547075287176, -0.3735941332696314, -0.37284591341055295, -0.372081335219496, -0.3713009094865496, -0.37050513407001506, -0.3696944942128221, -0.36886946285323496, -0.36803050092974177, -0.36717805768003664, -0.36631257093403596, -0.3654344674008875, -0.3645441629499452, -0.36364206288570966, -0.362728562216736, -0.3618040459185363, -0.360868889190505, -0.3599234577069144, -0.3589681078620313, -0.358003187009415, -0.35702903369546496, -0.3560459778872922, -0.3550543411949936, -0.35405443708841167, -0.3530465711084687, -0.3520310410731667, -0.35100813727834435, -0.34997814269329003, -0.3489413331513064, -0.34789797753532753, -0.3468483379586879, -0.34579266994114294, -0.344731222580246, -0.34366423871817997, -0.3425919551041462, -0.34151460255241306, -0.3404324060961221, -0.3393455851369545, -0.3382543535907561, -0.3371589200292177, -0.33605948781770967, -0.334956255249367, -0.3338494156755173, -0.33273915763254613, -0.3316256649652936, -0.33050911694706764, -0.32938968839636895, -0.328267549790409, -0.3271428673755105, -0.3260158032744729, -0.3248865155909848, -0.32375515851116426, -0.3226218824023064, -0.32148683390891414, -0.3203501560460879, -0.3192119882903489, -0.31807246666796574, -0.3169317238408579, -0.31578988919014, -0.3146470888973787, -0.31350344602362473, -0.3123590805862816, -0.31121410963387736, -0.31006864731879735, -0.30892280496803537, -0.30777669115202305, -0.3066304117515903, -0.3054840700231131, -0.3043377666619017, -0.30319159986387495, -0.30204566538557936, -0.300900056602593, -0.29975486456636563, -0.2986101780595398, -0.29746608364979576, -0.29632266574226596, -0.2951800066305565, -0.29403818654642216, -0.29289728370812795, -0.2917573743675398, -0.29061853285597894, -0.2894808316288772, -0.2883443413092688, -0.28720913073014837, -0.28607526697573404, -0.284942815421662, -0.2838118397741472, -0.28268240210813594, -0.28155456290448594, -0.28042838108619295, -0.27930391405370014, -0.27818121771931, -0.27706034654072825, -0.27594135355376204, -0.27482429040419976, -0.27370920737889104, -0.2725961534360539, -0.27148517623482915, -0.2703763221641028, -0.2692696363706176, -0.268165162786394, -0.2670629441554802, -0.26596302206004807, -0.26486543694585546, -0.2637702281470904, -0.2626774339106179, -0.26158709141963904, -0.26049923681678844, -0.259413905226675, -0.25833113077788894, -0.2572509466244855, -0.2561733849669623, -0.25509847707274186, -0.2540262532961728, -0.2529567430980651, -0.25188997506476923, -0.25082597692681363, -0.24976477557710836, -0.24870639708873354, -0.24765086673231557, -0.24659820899300797, -0.24554844758708538, -0.2445016054781582, -0.24345770489302432, -0.24241676733715958, -0.24137881360986319, -0.24034386381906156, -0.23931193739578605, -0.23828305310832293, -0.23725722907605612, -0.23623448278300135, -0.2352148310910435, -0.23419829025288366, -0.2331848759247057, -0.23217460317856362, -0.2311674865145051, -0.23016353987243046, -0.2291627766436966, -0.22816520968247433, -0.22717085131686143, -0.22617971335975956, -0.22519180711952227, -0.22420714341037457, -0.22322573256261785, -0.2222475844326174, -0.2212727084125823, -0.22030111344014122, -0.21933280800772215, -0.21836780017173332, -0.21740609756156068, -0.21644770738837538, -0.21549263645376543, -0.21454089115818897, -0.2135924775092559, -0.2126474011298431, -0.21170566726604473, -0.21076728079496376, -0.20983224623234611, -0.2089005677400633, -0.20797224913344534, -0.20704729388846954, -0.20612570514880543, -0.2052074857327222, -0.2042926381398585, -0.20338116455786331, -0.20247306686890218, -0.20156834665604123, -0.20066700520950448, -0.1997690435328119, -0.1988744623487972, -0.19798326210551126, -0.19709544298201293, -0.19621100489404625, -0.19532994749961272, -0.1944522702044356, -0.19357797216732076, -0.19270705230541688, -0.1918395092993759, -0.19097534159841506, -0.19011454742528713, -0.18925712478115397, -0.1884030714503716, -0.1875523850051839, -0.1867050628103312, -0.18586110202757136, -0.1850204996201187, -0.18418325235699887, -0.1833493568173264, -0.18251880939450002, -0.18169160630032263, -0.18086774356904692, -0.18004721706134336, -0.17923002246819958, -0.17841615531474503, -0.17760561096400881, -0.17679838462060718, -0.17599447133436433, -0.17519386600386805, -0.1743965633799606, -0.17360255806916516, -0.17281184453705317, -0.1720244171115466, -0.17124026998616482, -0.1704593972232093, -0.16968179275689352, -0.16890745039641492, -0.1681363638289714, -0.16736852662272483, -0.1666039322297099, -0.16584257398869118, -0.1650844451279689, -0.1643295387681332, -0.1635778479247714, -0.16282936551112281, -0.16208408434069024, -0.1613419971297997, -0.16060309650011861, -0.15986737498112574, -0.15913482501253776, -0.15840543894669207, -0.15767920905088684, -0.15695612750967813, -0.15623618642713683, -0.1555193778290642, -0.1548056936651668, -0.1540951258111941, -0.15338766607103466, -0.1526833061787771, nan, nan, nan, nan, nan, nan, nan, nan, nan, nan, nan, nan, nan, nan, nan, nan, nan, nan, nan, nan, nan, nan, nan, nan, nan, nan, nan, nan, nan, nan, nan, nan, nan, nan, nan, nan, nan, nan, nan, nan, nan, nan, nan, nan, nan, nan, nan, nan, nan, nan, nan, nan, nan, nan, nan, nan, nan, nan, nan, nan, nan, nan, nan, nan, nan, nan, nan, nan, nan, nan, nan, nan, nan, nan, nan, nan, nan, nan, nan, nan, nan, nan, nan, nan, nan, nan, nan, nan, nan, nan, nan, nan, nan, nan, nan, nan, nan, nan, nan, nan, nan, nan, nan, nan, nan, nan, nan, nan, nan, nan, nan, nan, nan, nan, nan, nan, nan, nan, nan, nan, nan, nan, nan, nan, nan, nan, nan, nan, nan, nan, nan, nan, nan, nan, nan, nan, nan, nan, nan, nan, nan, nan, nan, nan, nan, nan, nan, nan, nan, nan, nan, nan, nan, nan, nan, nan, nan, nan, nan, nan, nan, nan, nan, nan, nan, nan, nan, nan, nan, nan, nan, nan, nan, nan, nan, nan, nan, nan, nan, nan, nan, nan, nan, nan, nan, nan, nan, nan, nan, nan, nan, nan, nan, nan, nan, nan, nan, nan, nan, nan, nan, nan, nan, nan, nan, nan, nan, nan, nan, nan, nan, nan, nan, nan, nan, nan, nan, nan, nan, nan, nan, nan, nan, nan, nan, nan, nan, nan, nan, nan, nan, nan, nan, nan, nan, nan, nan, nan, nan, nan, nan, nan, nan, nan, nan, nan, nan, nan, nan, nan, nan, nan, nan, nan, nan, nan, nan, nan, nan, nan, nan, nan, nan, nan, nan, nan, nan, nan, nan, nan, nan, nan, nan, nan, nan, nan, nan, nan, nan, nan, nan, nan, nan, nan, nan, nan, nan, nan, nan, nan, nan, nan, nan, nan, nan, nan, nan, nan, nan, nan, nan, nan, nan, nan, nan, nan, nan, nan, nan, nan, nan, nan, nan, nan, nan, nan, nan, nan, nan, nan, nan, nan, nan, nan, nan, nan, nan, nan, nan, nan, nan, nan, nan, nan, nan, nan, nan, nan, nan, nan, nan, nan, nan, nan, nan, nan, nan, nan, nan, nan, nan, nan, nan, nan, nan, nan, nan, nan, nan, nan, nan, nan, nan, nan, nan, nan, nan, nan, nan, nan, nan, nan, nan, nan, nan, nan, nan, nan, nan, nan, nan, nan, nan, nan, nan, nan, nan, nan, nan, nan, nan, nan, nan, nan, nan, nan, nan, nan, nan, nan, nan, nan, nan, nan, nan, nan, nan, nan, nan, nan, nan, nan, nan, nan, nan, nan, nan, nan, nan, nan, nan, nan, nan, nan, nan, nan, nan, nan, nan, nan, nan, nan, nan, nan, nan, nan, nan, nan, nan, nan, nan, nan, nan, nan, nan, nan, nan, nan, nan, nan, nan, nan, nan, nan, nan, nan, nan, nan, nan, nan, nan, nan, nan, nan, nan, nan, nan, nan, nan, nan, nan, nan, nan, nan, nan, nan, nan, nan, nan, nan, nan, nan, nan, nan, nan, nan, nan, nan, nan, nan, nan, nan, nan, nan, nan, nan, nan, nan, nan, nan, nan, nan, nan, nan, nan, nan, nan, nan, nan, nan, nan, nan, nan, nan, nan, nan, nan, nan, nan, nan, nan, nan, nan, nan, nan, nan, nan, nan, nan, nan, nan, nan, nan, nan, nan, nan, nan, nan, nan, nan, nan, nan, nan, nan, nan, nan, nan, nan, nan, nan, nan, nan, nan, nan, nan, nan, nan, nan, nan, nan, nan, nan, nan, nan, nan, nan, nan, nan, nan, nan, nan, nan, nan, nan, nan, nan, nan, nan, nan, nan, nan, nan, nan, nan, nan, nan, nan, nan, nan, nan, nan, nan, nan, nan, nan, nan, nan, nan, nan, nan, nan, nan, nan, nan, nan, nan, nan, nan, nan, nan, nan, nan, nan, nan, nan, nan, nan, nan, nan, nan, nan, nan, nan, nan, nan, nan, nan, nan, nan, nan, nan, nan, nan, nan, nan, nan, nan, nan, nan, nan, nan, nan, nan, nan, nan, nan, nan, nan, nan, nan, nan, nan, nan, nan, nan, nan, nan, nan, nan]","[-0.38760575491524174, -0.3838606622880924, -0.3823795330118365, -0.38179851197583947, -0.381444711650709, -0.3809925479591317, -0.3803109249201397, -0.37938304275416057, -0.3782571803918457, -0.3770138824090774, -0.375743967599198, -0.37453454809038395, -0.37346104851228035, -0.37258352732133493, -0.37194587358373116, -0.37157675550455344, -0.3714914998740525, -0.3716943464223526, -0.37218072928869217, -0.3729393884411278, -0.3739542154993248, -0.3752058025878752, -0.3766727004922815, -0.3783324123102866, -0.38016215747944704, -0.3821394430200346, -0.3842424770403314, -0.3864504559017438, -0.38874375208542156, -0.3911040254045945, -0.39351427612168344, -0.39595885491929605, -0.3984234415892449, -0.4008950017302293, -0.4033617286371159, -0.4058129758637374, -0.4082391845850823, -0.4106318088152677, -0.4129832407024479, -0.4152867374756348, -0.4175363511232227, -0.4197268615073446, -0.4218537133363686, -0.42391295720917477, -0.4259011947928002, -0.42781552808648915, -0.42965351264981566, -0.43141311462226495, -0.4330926713301944, -0.4346908552595437, -0.4362066411653149, -0.4376392760887835, -0.4389882520584841, -0.4402532812595604, -0.44143427346686015, -0.44253131554926395, -0.44354465286549766, -0.444474672384596, -0.445321887376931, -0.4460869235340438, -0.4467705063872758, -0.44737344990628797, -0.44789664616893515, -0.4483410560036017, -0.448707700514019, -0.44899765340478176, -0.4492120340333034, -0.4493520011208172, -0.44941874706130436, -0.4494134927729352, -0.44933748304179266, -0.4491919823123607, -0.448978270883522, -0.4486976414726831, -0.4483513961141408, -0.4479408433609794, -0.447467295762649, -0.4469320675929755, -0.44633647280569344, -0.4456818231967186, -0.4449694267542943, -0.4442005861798837, -0.4433765975642485, -0.4424987492045807, -0.4415683205498359, -0.440586581262588, -0.4395547903867762, -0.4384741956116759, -0.43734603262329086, -0.43617152453515157, -0.4349518813912207, -0.433688299734251, -0.43238196223353453, -0.4310340373665163, -0.42964567914922863, -0.4282180269109516, -0.4267522051089037, -0.4252493231791342, -0.4237104754201266, -0.4221367409059228, -0.42052918342586165, -0.418888851448273, -0.4172167781057059, -0.4155139811994802, -0.41378146322154047, -0.4120202113917755, -0.4102311977091223, -0.40841537901492597, -0.40657369706716145, -0.40470707862424854, -0.4028164355373029, -0.4009026648497768, -0.39896664890353273, -0.3970092554504844, -0.3950313377690233, -0.3930337347845174, -0.3910172711932424, -0.38898275758916556, -0.38693099059306185, -0.38486275298349376, -0.38277881382923545, -0.38067992862276717, -0.37856683941450514, -0.3764402749474737, -0.374300950792156, -0.3721495694812961, -0.3699868206444518, -0.3678133811421244, -0.36562991519931703, -0.3634370745383962, -0.36123549851114756, -0.35902581422994206, -0.35680863669793905, -0.35458456893827234, -0.3523542021221781, -0.350118115696035, -0.3478768775073006, -0.3456310439293341, -0.34338115998510976, -0.3411277594698303, -0.33887136507245436, -0.3366124884961645, -0.3343516305778017, -0.3320892814063007, -0.3298259204401608, -0.3275620166239952, -0.32529802850419803, -0.32303440434377684, -0.32077158223639335, -0.3185099902196637, -0.316250046387761, -0.3139921590033726, -0.31173672660905627, -0.3094841381380445, -0.3072347730245417, -0.30498900131356055, -0.3027471837703394, -0.30050967198938455, -0.29827680850317595, -0.29604892689057466, -0.2938263518849687, -0.29160939948218983, -0.2893983770482323, -0.2871935834268031, -0.28499530904672826, -0.28280383602923886, -0.28061943829515845, -0.27844238167200747, -0.2762729240010417, -0.2741113152442361, -0.2719577975912234, -0.2698126055661955, -0.2676759661347703, -0.265548098810827, -0.2634292157633097, -0.2613195219229925, -0.2592192150892053, -0.2571284860365081, -0.2550475186213068, -0.2529764898883958, -0.2509155701774144, -0.24886492322920178, -0.24682470629202993, -0.2447950702276975, -0.24277615961746196, -0.24076811286778826, -0.23877106231588988, -0.236785134335036, -0.2348104494396013, -0.2328471223898278, -0.23089526229627386, -0.22895497272391932, -0.22702635179589867, -0.22510949229683172, -0.22320448177572216, -0.22131140264839264, -0.21943033229942632, -0.21756134318358322, -0.2157045029266618, -0.21385987442577334, -0.21202751594900013, -0.21020748123440622, -0.20839981958837128, -0.20660457598321733, -0.20482179115410054, -0.20305150169513841, -0.20129374015474538, -0.19954853513014928, -0.1978159113610625, -0.19609588982248202, -0.19438848781659387, -0.19269371906375812, -0.1910115937925507, -0.1893421188288417, -0.18768529768388703, -0.18604113064141528, -0.1844096148436895, -0.1827907443765269, -0.18118451035325853, -0.17959090099761435, -0.1780099017255178, -0.17644149522577665, -0.17488566153965807, -0.17334237813933487, -0.17181162000519465, -0.17029335970200016, -0.1687875674538942, -0.16729421121824098, -0.16581325675829756, -0.16434466771471087, -0.16288840567583499, -0.16144443024686633, -0.16001269911779378, -0.15859316813016197, nan, nan, nan, nan, nan, nan, nan, nan, nan, nan, nan, nan, nan, nan, nan, nan, nan, nan, nan, nan, nan, nan, nan, nan, nan, nan, nan, nan, nan, nan, nan, nan, nan, nan, nan, nan, nan, nan, nan, nan, nan, nan, nan, nan, nan, nan, nan, nan, nan, nan, nan, nan, nan, nan, nan, nan, nan, nan, nan, nan, nan, nan, nan, nan, nan, nan, nan, nan, nan, nan, nan, nan, nan, nan, nan, nan, nan, nan, nan, nan, nan, nan, nan, nan, nan, nan, nan, nan, nan, nan, nan, nan, nan, nan, nan, nan, nan, nan, nan, nan, nan, nan, nan, nan, nan, nan, nan, nan, nan, nan, nan, nan, nan, nan, nan, nan, nan, nan, nan, nan, nan, nan, nan, nan, nan, nan, nan, nan, nan, nan, nan, nan, nan, nan, nan, nan, nan, nan, nan, nan, nan, nan, nan, nan, nan, nan, nan, nan, nan, nan, nan, nan, nan, nan, nan, nan, nan, nan, nan, nan, nan, nan, nan, nan, nan, nan, nan, nan, nan, nan, nan, nan, nan, nan, nan, nan, nan, nan, nan, nan, nan, nan, nan, nan, nan, nan, nan, nan, nan, nan, nan, nan, nan, nan, nan, nan, nan, nan, nan, nan, nan, nan, nan, nan, nan, nan, nan, nan, nan, nan, nan, nan, nan, nan, nan, nan, nan, nan, nan, nan, nan, nan, nan, nan, nan, nan, nan, nan, nan, nan, nan, nan, nan, nan, nan, nan, nan, nan, nan, nan, nan, nan, nan, nan, nan, nan, nan, nan, nan, nan, nan, nan, nan, nan, nan, nan, nan, nan, nan, nan, nan, nan, nan, nan, nan, nan, nan, nan, nan, nan, nan, nan, nan, nan, nan, nan, nan, nan, nan, nan, nan, nan, nan, nan, nan, nan, nan, nan, nan, nan, nan, nan, nan, nan, nan, nan, nan, nan, nan, nan, nan, nan, nan, nan, nan, nan, nan, nan, nan, nan, nan, nan, nan, nan, nan, nan, nan, nan, nan, nan, nan, nan, nan, nan, nan, nan, nan, nan, nan, nan, nan, nan, nan, nan, nan, nan, nan, nan, nan, nan, nan, nan, nan, nan, nan, nan, nan, nan, nan, nan, nan, nan, nan, nan, nan, nan, nan, nan, nan, nan, nan, nan, nan, nan, nan, nan, nan, nan, nan, nan, nan, nan, nan, nan, nan, nan, nan, nan, nan, nan, nan, nan, nan, nan, nan, nan, nan, nan, nan, nan, nan, nan, nan, nan, nan, nan, nan, nan, nan, nan, nan, nan, nan, nan, nan, nan, nan, nan, nan, nan, nan, nan, nan, nan, nan, nan, nan, nan, nan, nan, nan, nan, nan, nan, nan, nan, nan, nan, nan, nan, nan, nan, nan, nan, nan, nan, nan, nan, nan, nan, nan, nan, nan, nan, nan, nan, nan, nan, nan, nan, nan, nan, nan, nan, nan, nan, nan, nan, nan, nan, nan, nan, nan, nan, nan, nan, nan, nan, nan, nan, nan, nan, nan, nan, nan, nan, nan, nan, nan, nan, nan, nan, nan, nan, nan, nan, nan, nan, nan, nan, nan, nan, nan, nan, nan, nan, nan, nan, nan, nan, nan, nan, nan, nan, nan, nan, nan, nan, nan, nan, nan, nan, nan, nan, nan, nan, nan, nan, nan, nan, nan, nan, nan, nan, nan, nan, nan, nan, nan, nan, nan, nan, nan, nan, nan, nan, nan, nan, nan, nan, nan, nan, nan, nan, nan, nan, nan, nan, nan, nan, nan, nan, nan, nan, nan, nan, nan, nan, nan, nan, nan, nan, nan, nan, nan, nan, nan, nan, nan, nan, nan, nan, nan, nan, nan, nan, nan, nan, nan, nan, nan, nan, nan, nan, nan, nan, nan, nan, nan, nan, nan, nan, nan, nan, nan, nan, nan, nan, nan, nan, nan, nan, nan, nan, nan, nan, nan, nan, nan, nan, nan, nan, nan, nan, nan, nan, nan, nan, nan, nan, nan, nan, nan, nan, nan, nan, nan, nan, nan, nan, nan, nan, nan, nan, nan, nan, nan, nan, nan, nan, nan, nan, nan, nan, nan, nan, nan, nan, nan, nan, nan, nan, nan, nan, nan, nan, nan, nan, nan, nan, nan, nan, nan, nan, nan, nan, nan, nan, nan, nan, nan, nan, nan, nan, nan, nan, nan, nan, nan, nan, nan, nan, nan, nan, nan, nan, nan, nan, nan, nan, nan, nan, nan, nan, nan, nan, nan, nan, nan, nan, nan, nan, nan, nan, nan, nan, nan, nan, nan, nan, nan, nan, nan, nan, nan, nan, nan, nan, nan, nan, nan, nan, nan, nan, nan, nan, nan, nan, nan, nan, nan, nan, nan, nan, nan, nan, nan, nan, nan, nan, nan, nan, nan, nan, nan, nan, nan, nan, nan, nan, nan, nan, nan, nan, nan, nan, nan, nan, nan, nan, nan, nan, nan, nan, nan, nan]"
